"spid","apid","rowi","coli","wllt","wllq","conc","rval","srcf","acsn"
"TP0000079H04","NA","NA","NA","t","1","3.26","1.520597828","CLIN23 plate"TP0000052.xls","TCPL-SC-Demo"
"TP0000079H03","NA","NA","NA","t","1","50","1.767550488","CLIN23 plate"TP0000052.xls","TCPL-SC-Demo"
"TP0000079H02","NA","NA","NA","t","1","50","1.40494908","CLIN23 plate"TP0000052.xls","TCPL-SC-Demo"
"TP0000079H01","NA","NA","NA","t","1","50","1.900048878","CLIN23 plate"TP0000052.xls","TCPL-SC-Demo"
"TP0000079G04","NA","NA","NA","t","1","50","5.744020123","CLIN23 plate"TP0000052.xls","TCPL-SC-Demo"
"TP0000079G03","NA","NA","NA","t","1","50","1.717539869","CLIN23 plate"TP0000052.xls","TCPL-SC-Demo"
"TP0000079G02","NA","NA","NA","t","1","50","1.864170696","CLIN23 plate"TP0000052.xls","TCPL-SC-Demo"
"TP0000079G01","NA","NA","NA","t","1","50","6.00933106","CLIN23 plate"TP0000052.xls","TCPL-SC-Demo"
"TP0000079F04","NA","NA","NA","t","1","50","1.7077856","CLIN23 plate"TP0000052.xls","TCPL-SC-Demo"
"TP0000079F03","NA","NA","NA","t","1","50","3.210940156","CLIN23 plate"TP0000052.xls","TCPL-SC-Demo"
"TP0000079F02","NA","NA","NA","t","1","50","1.180403683","CLIN23 plate"TP0000052.xls","TCPL-SC-Demo"
"TP0000079F01","NA","NA","NA","t","1","0.554","0.917682994","CLIN23 plate"TP0000052.xls","TCPL-SC-Demo"
"TP0000079E04","NA","NA","NA","t","1","50","1.658990402","CLIN23 plate"TP0000052.xls","TCPL-SC-Demo"
"TP0000079E03","NA","NA","NA","t","1","50","1.179846472","CLIN23 plate"TP0000052.xls","TCPL-SC-Demo"
"TP0000079E02","NA","NA","NA","t","1","50","1.136612208","CLIN23 plate"TP0000052.xls","TCPL-SC-Demo"
"TP0000079E01","NA","NA","NA","t","1","7.65","2.17815693","CLIN23 plate"TP0000052.xls","TCPL-SC-Demo"
"TP0000079D04","NA","NA","NA","t","1","1.52","0.970496246","CLIN23 plate"TP0000052.xls","TCPL-SC-Demo"
"TP0000079D03","NA","NA","NA","t","1","8.93","1.298439098","CLIN23 plate"TP0000052.xls","TCPL-SC-Demo"
"TP0000079D02","NA","NA","NA","t","1","11.7","1.735449577","CLIN23 plate"TP0000052.xls","TCPL-SC-Demo"
"TP0000079D01","NA","NA","NA","t","1","50","1.135101179","CLIN23 plate"TP0000052.xls","TCPL-SC-Demo"
"TP0000079C04","NA","NA","NA","t","1","50","2.992600994","CLIN23 plate"TP0000052.xls","TCPL-SC-Demo"
"TP0000079C03","NA","NA","NA","t","1","50","3.476902425","CLIN23 plate"TP0000052.xls","TCPL-SC-Demo"
"TP0000079C02","NA","NA","NA","t","1","33","1.042091157","CLIN23 plate"TP0000052.xls","TCPL-SC-Demo"
"TP0000079C01","NA","NA","NA","t","1","50","1.210346865","CLIN23 plate"TP0000052.xls","TCPL-SC-Demo"
"TP0000079B04","NA","NA","NA","t","1","50","6.479239167","CLIN23 plate"TP0000052.xls","TCPL-SC-Demo"
"TP0000079B03","NA","NA","NA","t","1","50","1.289407117","CLIN23 plate"TP0000052.xls","TCPL-SC-Demo"
"TP0000079B02","NA","NA","NA","t","1","50","0.854130503","CLIN23 plate"TP0000052.xls","TCPL-SC-Demo"
"TP0000079B01","NA","NA","NA","t","1","50","0.971039516","CLIN23 plate"TP0000052.xls","TCPL-SC-Demo"
"TP0000079A04","NA","NA","NA","t","1","50","4.504695944","CLIN23 plate"TP0000052.xls","TCPL-SC-Demo"
"TP0000079A03","NA","NA","NA","t","1","24.6","6.439040301","CLIN23 plate"TP0000052.xls","TCPL-SC-Demo"
"TP0000079A02","NA","NA","NA","t","1","50","5.19765061","CLIN23 plate"TP0000052.xls","TCPL-SC-Demo"
"TP0000079A01","NA","NA","NA","t","1","50","1.06341393","CLIN23 plate"TP0000052.xls","TCPL-SC-Demo"
"TP0000077H12","NA","NA","NA","t","1","50","2.489924305","CLIN23 plate"TP0000051.xls","TCPL-SC-Demo"
"TP0000077H11","NA","NA","NA","t","1","50","0.95808883","CLIN23 plate"TP0000051.xls","TCPL-SC-Demo"
"TP0000077H10","NA","NA","NA","t","1","50","0.891172273","CLIN23 plate"TP0000051.xls","TCPL-SC-Demo"
"TP0000077H09","NA","NA","NA","t","1","50","0.895398148","CLIN23 plate"TP0000051.xls","TCPL-SC-Demo"
"TP0000077H08","NA","NA","NA","t","1","50","0.928066299","CLIN23 plate"TP0000051.xls","TCPL-SC-Demo"
"TP0000077H07","NA","NA","NA","t","1","3.95","1.190353812","CLIN23 plate"TP0000051.xls","TCPL-SC-Demo"
"TP0000077H06","NA","NA","NA","t","1","2.62","0.892411484","CLIN23 plate"TP0000051.xls","TCPL-SC-Demo"
"TP0000077H05","NA","NA","NA","t","1","50","2.416997868","CLIN23 plate"TP0000051.xls","TCPL-SC-Demo"
"TP0000077H04","NA","NA","NA","t","1","50","2.066516979","CLIN23 plate"TP0000051.xls","TCPL-SC-Demo"
"TP0000077H03","NA","NA","NA","t","1","0.018","0.959677203","CLIN23 plate"TP0000051.xls","TCPL-SC-Demo"
"TP0000077H02","NA","NA","NA","t","1","50","1.986480488","CLIN23 plate"TP0000051.xls","TCPL-SC-Demo"
"TP0000077H01","NA","NA","NA","t","1","14","1.044654838","CLIN23 plate"TP0000051.xls","TCPL-SC-Demo"
"TP0000077G12","NA","NA","NA","t","1","19.3","2.16328818","CLIN23 plate"TP0000051.xls","TCPL-SC-Demo"
"TP0000077G11","NA","NA","NA","t","1","9.79","1.189491015","CLIN23 plate"TP0000051.xls","TCPL-SC-Demo"
"TP0000077G10","NA","NA","NA","t","1","50","1.38446079","CLIN23 plate"TP0000051.xls","TCPL-SC-Demo"
"TP0000077G09","NA","NA","NA","t","1","50","1.107136295","CLIN23 plate"TP0000051.xls","TCPL-SC-Demo"
"TP0000077G08","NA","NA","NA","t","1","50","1.195264187","CLIN23 plate"TP0000051.xls","TCPL-SC-Demo"
"TP0000077G07","NA","NA","NA","t","1","50","1.12114137","CLIN23 plate"TP0000051.xls","TCPL-SC-Demo"
"TP0000077G06","NA","NA","NA","t","1","0.178","1.214653286","CLIN23 plate"TP0000051.xls","TCPL-SC-Demo"
"TP0000077G05","NA","NA","NA","t","1","50","1.175007372","CLIN23 plate"TP0000051.xls","TCPL-SC-Demo"
"TP0000077G04","NA","NA","NA","t","1","50","1.919568915","CLIN23 plate"TP0000051.xls","TCPL-SC-Demo"
"TP0000077G03","NA","NA","NA","t","1","50","1.066344923","CLIN23 plate"TP0000051.xls","TCPL-SC-Demo"
"TP0000077G02","NA","NA","NA","t","1","50","1.239678651","CLIN23 plate"TP0000051.xls","TCPL-SC-Demo"
"TP0000077G01","NA","NA","NA","t","1","50","1.308182665","CLIN23 plate"TP0000051.xls","TCPL-SC-Demo"
"TP0000077F12","NA","NA","NA","t","1","50","2.46459122","CLIN23 plate"TP0000051.xls","TCPL-SC-Demo"
"TP0000077F11","NA","NA","NA","t","1","50","1.200303215","CLIN23 plate"TP0000051.xls","TCPL-SC-Demo"
"TP0000077F10","NA","NA","NA","t","1","50","1.133166538","CLIN23 plate"TP0000051.xls","TCPL-SC-Demo"
"TP0000077F09","NA","NA","NA","t","1","50","0.824592588","CLIN23 plate"TP0000051.xls","TCPL-SC-Demo"
"TP0000077F08","NA","NA","NA","t","1","1.67","0.987336151","CLIN23 plate"TP0000051.xls","TCPL-SC-Demo"
"TP0000077F07","NA","NA","NA","t","1","19.4","1.222011646","CLIN23 plate"TP0000051.xls","TCPL-SC-Demo"
"TP0000077F06","NA","NA","NA","t","1","50","1.10478086","CLIN23 plate"TP0000051.xls","TCPL-SC-Demo"
"TP0000077F05","NA","NA","NA","t","1","50","0.604505753","CLIN23 plate"TP0000051.xls","TCPL-SC-Demo"
"TP0000077F04","NA","NA","NA","t","1","0.352","0.923716233","CLIN23 plate"TP0000051.xls","TCPL-SC-Demo"
"TP0000077F03","NA","NA","NA","t","1","50","0.836119172","CLIN23 plate"TP0000051.xls","TCPL-SC-Demo"
"TP0000077F02","NA","NA","NA","t","1","50","3.634415421","CLIN23 plate"TP0000051.xls","TCPL-SC-Demo"
"TP0000077F01","NA","NA","NA","t","1","50","1.290650903","CLIN23 plate"TP0000051.xls","TCPL-SC-Demo"
"TP0000077E12","NA","NA","NA","t","1","50","3.160069901","CLIN23 plate"TP0000051.xls","TCPL-SC-Demo"
"TP0000077E11","NA","NA","NA","t","1","50","1.818254713","CLIN23 plate"TP0000051.xls","TCPL-SC-Demo"
"TP0000077E10","NA","NA","NA","t","1","50","1.321666966","CLIN23 plate"TP0000051.xls","TCPL-SC-Demo"
"TP0000077E09","NA","NA","NA","t","1","50","2.546335762","CLIN23 plate"TP0000051.xls","TCPL-SC-Demo"
"TP0000077E08","NA","NA","NA","t","1","50","1.044712726","CLIN23 plate"TP0000051.xls","TCPL-SC-Demo"
"TP0000077E07","NA","NA","NA","t","1","1.68","1.201992584","CLIN23 plate"TP0000051.xls","TCPL-SC-Demo"
"TP0000077E06","NA","NA","NA","t","1","50","2.109070579","CLIN23 plate"TP0000051.xls","TCPL-SC-Demo"
"TP0000077E05","NA","NA","NA","t","1","50","1.034998591","CLIN23 plate"TP0000051.xls","TCPL-SC-Demo"
"TP0000077E04","NA","NA","NA","t","1","50","0.947358869","CLIN23 plate"TP0000051.xls","TCPL-SC-Demo"
"TP0000077E03","NA","NA","NA","t","1","50","0.939931496","CLIN23 plate"TP0000051.xls","TCPL-SC-Demo"
"TP0000077E02","NA","NA","NA","t","1","50","1.320900494","CLIN23 plate"TP0000051.xls","TCPL-SC-Demo"
"TP0000077E01","NA","NA","NA","t","1","50","1.087230023","CLIN23 plate"TP0000051.xls","TCPL-SC-Demo"
"TP0000077D12","NA","NA","NA","t","1","50","2.008603956","CLIN23 plate"TP0000051.xls","TCPL-SC-Demo"
"TP0000077D11","NA","NA","NA","t","1","50","1.37713635","CLIN23 plate"TP0000051.xls","TCPL-SC-Demo"
"TP0000077D10","NA","NA","NA","t","1","19.7","1.174856732","CLIN23 plate"TP0000051.xls","TCPL-SC-Demo"
"TP0000077D09","NA","NA","NA","t","1","50","1.845541575","CLIN23 plate"TP0000051.xls","TCPL-SC-Demo"
"TP0000077D08","NA","NA","NA","t","1","50","2.2691657","CLIN23 plate"TP0000051.xls","TCPL-SC-Demo"
"TP0000077D07","NA","NA","NA","t","1","50","1.34817034","CLIN23 plate"TP0000051.xls","TCPL-SC-Demo"
"TP0000077D06","NA","NA","NA","t","1","4.02","3.105732653","CLIN23 plate"TP0000051.xls","TCPL-SC-Demo"
"TP0000077D05","NA","NA","NA","t","1","25.1","0.905883831","CLIN23 plate"TP0000051.xls","TCPL-SC-Demo"
"TP0000077D04","NA","NA","NA","t","1","50","2.247230519","CLIN23 plate"TP0000051.xls","TCPL-SC-Demo"
"TP0000077D03","NA","NA","NA","t","1","50","1.03083038","CLIN23 plate"TP0000051.xls","TCPL-SC-Demo"
"TP0000077D02","NA","NA","NA","t","1","50","0.90663382","CLIN23 plate"TP0000051.xls","TCPL-SC-Demo"
"TP0000077D01","NA","NA","NA","t","1","50","1.284108297","CLIN23 plate"TP0000051.xls","TCPL-SC-Demo"
"TP0000077C12","NA","NA","NA","t","1","50","2.531212255","CLIN23 plate"TP0000051.xls","TCPL-SC-Demo"
"TP0000077C11","NA","NA","NA","t","1","6.3","2.311218165","CLIN23 plate"TP0000051.xls","TCPL-SC-Demo"
"TP0000077C10","NA","NA","NA","t","1","50","1.444869873","CLIN23 plate"TP0000051.xls","TCPL-SC-Demo"
"TP0000077C09","NA","NA","NA","t","1","0.176","0.888225149","CLIN23 plate"TP0000051.xls","TCPL-SC-Demo"
"TP0000077C08","NA","NA","NA","t","1","50","1.719248539","CLIN23 plate"TP0000051.xls","TCPL-SC-Demo"
"TP0000077C07","NA","NA","NA","t","1","1.76","1.269413042","CLIN23 plate"TP0000051.xls","TCPL-SC-Demo"
"TP0000077C06","NA","NA","NA","t","1","50","1.097180406","CLIN23 plate"TP0000051.xls","TCPL-SC-Demo"
"TP0000077C05","NA","NA","NA","t","1","50","2.625639667","CLIN23 plate"TP0000051.xls","TCPL-SC-Demo"
"TP0000077C04","NA","NA","NA","t","1","50","3.640485886","CLIN23 plate"TP0000051.xls","TCPL-SC-Demo"
"TP0000077C03","NA","NA","NA","t","1","50","3.468054628","CLIN23 plate"TP0000051.xls","TCPL-SC-Demo"
"TP0000077C02","NA","NA","NA","t","1","0.016","1.251130656","CLIN23 plate"TP0000051.xls","TCPL-SC-Demo"
"TP0000077C01","NA","NA","NA","t","1","50","3.834742861","CLIN23 plate"TP0000051.xls","TCPL-SC-Demo"
"TP0000077B12","NA","NA","NA","t","1","50","2.321339556","CLIN23 plate"TP0000051.xls","TCPL-SC-Demo"
"TP0000077B11","NA","NA","NA","t","1","50","1.062165718","CLIN23 plate"TP0000051.xls","TCPL-SC-Demo"
"TP0000077B10","NA","NA","NA","t","1","19.3","1.745196411","CLIN23 plate"TP0000051.xls","TCPL-SC-Demo"
"TP0000077B09","NA","NA","NA","t","1","50","1.144327311","CLIN23 plate"TP0000051.xls","TCPL-SC-Demo"
"TP0000077B08","NA","NA","NA","t","1","50","0.858894747","CLIN23 plate"TP0000051.xls","TCPL-SC-Demo"
"TP0000077B07","NA","NA","NA","t","1","14.6","0.911325305","CLIN23 plate"TP0000051.xls","TCPL-SC-Demo"
"TP0000077B06","NA","NA","NA","t","1","50","1.31576639","CLIN23 plate"TP0000051.xls","TCPL-SC-Demo"
"TP0000077B05","NA","NA","NA","t","1","50","0.868591261","CLIN23 plate"TP0000051.xls","TCPL-SC-Demo"
"TP0000077B04","NA","NA","NA","t","1","50","1.514142037","CLIN23 plate"TP0000051.xls","TCPL-SC-Demo"
"TP0000077B03","NA","NA","NA","t","1","50","1.35119889","CLIN23 plate"TP0000051.xls","TCPL-SC-Demo"
"TP0000077B02","NA","NA","NA","t","1","50","0.957779649","CLIN23 plate"TP0000051.xls","TCPL-SC-Demo"
"TP0000077B01","NA","NA","NA","t","1","1.81","1.126250122","CLIN23 plate"TP0000051.xls","TCPL-SC-Demo"
"TP0000077A12","NA","NA","NA","t","1","50","1.460625549","CLIN23 plate"TP0000051.xls","TCPL-SC-Demo"
"TP0000077A11","NA","NA","NA","t","1","50","0.813315112","CLIN23 plate"TP0000051.xls","TCPL-SC-Demo"
"TP0000077A10","NA","NA","NA","t","1","50","0.893214938","CLIN23 plate"TP0000051.xls","TCPL-SC-Demo"
"TP0000077A09","NA","NA","NA","t","1","50","1.78999171","CLIN23 plate"TP0000051.xls","TCPL-SC-Demo"
"TP0000077A08","NA","NA","NA","t","1","3.22","2.234432165","CLIN23 plate"TP0000051.xls","TCPL-SC-Demo"
"TP0000077A07","NA","NA","NA","t","1","50","0.840158959","CLIN23 plate"TP0000051.xls","TCPL-SC-Demo"
"TP0000077A06","NA","NA","NA","t","1","50","1.11007895","CLIN23 plate"TP0000051.xls","TCPL-SC-Demo"
"TP0000077A05","NA","NA","NA","t","1","50","1.570786538","CLIN23 plate"TP0000051.xls","TCPL-SC-Demo"
"TP0000077A04","NA","NA","NA","t","1","50","1.267381213","CLIN23 plate"TP0000051.xls","TCPL-SC-Demo"
"TP0000077A03","NA","NA","NA","t","1","50","1.149704789","CLIN23 plate"TP0000051.xls","TCPL-SC-Demo"
"TP0000077A02","NA","NA","NA","t","1","50","1.047903245","CLIN23 plate"TP0000051.xls","TCPL-SC-Demo"
"TP0000077A01","NA","NA","NA","t","1","1.59","1.592035348","CLIN23 plate"TP0000051.xls","TCPL-SC-Demo"
"TP0000075H12","NA","NA","NA","t","1","50","1.398970896","CLIN23 plate"TP0000050.xls","TCPL-SC-Demo"
"TP0000075H11","NA","NA","NA","t","1","50","1.691410687","CLIN23 plate"TP0000050.xls","TCPL-SC-Demo"
"TP0000075H10","NA","NA","NA","t","1","50","2.216063557","CLIN23 plate"TP0000050.xls","TCPL-SC-Demo"
"TP0000075H09","NA","NA","NA","t","1","50","1.366556816","CLIN23 plate"TP0000050.xls","TCPL-SC-Demo"
"TP0000075H08","NA","NA","NA","t","1","50","1.301373126","CLIN23 plate"TP0000050.xls","TCPL-SC-Demo"
"TP0000075H07","NA","NA","NA","t","1","50","1.187729263","CLIN23 plate"TP0000050.xls","TCPL-SC-Demo"
"TP0000075H06","NA","NA","NA","t","1","50","1.246853104","CLIN23 plate"TP0000050.xls","TCPL-SC-Demo"
"TP0000075H05","NA","NA","NA","t","1","50","1.583289672","CLIN23 plate"TP0000050.xls","TCPL-SC-Demo"
"TP0000075H04","NA","NA","NA","t","1","50","2.144664766","CLIN23 plate"TP0000050.xls","TCPL-SC-Demo"
"TP0000075H03","NA","NA","NA","t","1","50","3.524077585","CLIN23 plate"TP0000050.xls","TCPL-SC-Demo"
"TP0000075H02","NA","NA","NA","t","1","50","1.415507329","CLIN23 plate"TP0000050.xls","TCPL-SC-Demo"
"TP0000075H01","NA","NA","NA","t","1","50","5.725173132","CLIN23 plate"TP0000050.xls","TCPL-SC-Demo"
"TP0000075G12","NA","NA","NA","t","1","50","3.030664793","CLIN23 plate"TP0000050.xls","TCPL-SC-Demo"
"TP0000075G11","NA","NA","NA","t","1","50","3.159948751","CLIN23 plate"TP0000050.xls","TCPL-SC-Demo"
"TP0000075G10","NA","NA","NA","t","1","50","3.537115123","CLIN23 plate"TP0000050.xls","TCPL-SC-Demo"
"TP0000075G09","NA","NA","NA","t","1","50","2.31951952","CLIN23 plate"TP0000050.xls","TCPL-SC-Demo"
"TP0000075G08","NA","NA","NA","t","1","50","3.197842007","CLIN23 plate"TP0000050.xls","TCPL-SC-Demo"
"TP0000075G07","NA","NA","NA","t","1","50","1.413968324","CLIN23 plate"TP0000050.xls","TCPL-SC-Demo"
"TP0000075G06","NA","NA","NA","t","1","0.466","2.559946716","CLIN23 plate"TP0000050.xls","TCPL-SC-Demo"
"TP0000075G05","NA","NA","NA","t","1","50","3.290115929","CLIN23 plate"TP0000050.xls","TCPL-SC-Demo"
"TP0000075G04","NA","NA","NA","t","1","50","2.303846847","CLIN23 plate"TP0000050.xls","TCPL-SC-Demo"
"TP0000075G03","NA","NA","NA","t","1","50","2.957999493","CLIN23 plate"TP0000050.xls","TCPL-SC-Demo"
"TP0000075G02","NA","NA","NA","t","1","50","1.812732924","CLIN23 plate"TP0000050.xls","TCPL-SC-Demo"
"TP0000075G01","NA","NA","NA","t","1","50","2.257980166","CLIN23 plate"TP0000050.xls","TCPL-SC-Demo"
"TP0000075F12","NA","NA","NA","t","1","50","2.70655799","CLIN23 plate"TP0000050.xls","TCPL-SC-Demo"
"TP0000075F11","NA","NA","NA","t","1","50","2.662729955","CLIN23 plate"TP0000050.xls","TCPL-SC-Demo"
"TP0000075F10","NA","NA","NA","t","1","50","2.098380835","CLIN23 plate"TP0000050.xls","TCPL-SC-Demo"
"TP0000075F09","NA","NA","NA","t","1","50","1.433880545","CLIN23 plate"TP0000050.xls","TCPL-SC-Demo"
"TP0000075F08","NA","NA","NA","t","1","50","2.061025424","CLIN23 plate"TP0000050.xls","TCPL-SC-Demo"
"TP0000075F07","NA","NA","NA","t","1","50","2.554195527","CLIN23 plate"TP0000050.xls","TCPL-SC-Demo"
"TP0000075F06","NA","NA","NA","t","1","50","1.347710801","CLIN23 plate"TP0000050.xls","TCPL-SC-Demo"
"TP0000075F05","NA","NA","NA","t","1","50","3.182047741","CLIN23 plate"TP0000050.xls","TCPL-SC-Demo"
"TP0000075F04","NA","NA","NA","t","1","50","1.12109268","CLIN23 plate"TP0000050.xls","TCPL-SC-Demo"
"TP0000075F03","NA","NA","NA","t","1","50","1.39734846","CLIN23 plate"TP0000050.xls","TCPL-SC-Demo"
"TP0000075F02","NA","NA","NA","t","1","50","1.602502734","CLIN23 plate"TP0000050.xls","TCPL-SC-Demo"
"TP0000075F01","NA","NA","NA","t","1","50","0.992814155","CLIN23 plate"TP0000050.xls","TCPL-SC-Demo"
"TP0000075E12","NA","NA","NA","t","1","50","1.086663348","CLIN23 plate"TP0000050.xls","TCPL-SC-Demo"
"TP0000075E11","NA","NA","NA","t","1","50","2.808534737","CLIN23 plate"TP0000050.xls","TCPL-SC-Demo"
"TP0000075E10","NA","NA","NA","t","1","50","1.369775134","CLIN23 plate"TP0000050.xls","TCPL-SC-Demo"
"TP0000075E09","NA","NA","NA","t","1","50","3.508033955","CLIN23 plate"TP0000050.xls","TCPL-SC-Demo"
"TP0000075E08","NA","NA","NA","t","1","7.46","1.149393935","CLIN23 plate"TP0000050.xls","TCPL-SC-Demo"
"TP0000075E07","NA","NA","NA","t","1","50","2.271802975","CLIN23 plate"TP0000050.xls","TCPL-SC-Demo"
"TP0000075E06","NA","NA","NA","t","1","50","1.025953313","CLIN23 plate"TP0000050.xls","TCPL-SC-Demo"
"TP0000075E05","NA","NA","NA","t","1","50","1.321288839","CLIN23 plate"TP0000050.xls","TCPL-SC-Demo"
"TP0000075E04","NA","NA","NA","t","1","50","2.166563569","CLIN23 plate"TP0000050.xls","TCPL-SC-Demo"
"TP0000075E03","NA","NA","NA","t","1","50","1.144459241","CLIN23 plate"TP0000050.xls","TCPL-SC-Demo"
"TP0000075E02","NA","NA","NA","t","1","50","2.613551646","CLIN23 plate"TP0000050.xls","TCPL-SC-Demo"
"TP0000075E01","NA","NA","NA","t","1","50","1.178635124","CLIN23 plate"TP0000050.xls","TCPL-SC-Demo"
"TP0000075D12","NA","NA","NA","t","1","12.9","1.300027939","CLIN23 plate"TP0000050.xls","TCPL-SC-Demo"
"TP0000075D11","NA","NA","NA","t","1","50","1.529289251","CLIN23 plate"TP0000050.xls","TCPL-SC-Demo"
"TP0000075D10","NA","NA","NA","t","1","2.11","1.852340491","CLIN23 plate"TP0000050.xls","TCPL-SC-Demo"
"TP0000075D09","NA","NA","NA","t","1","4.4","2.214342698","CLIN23 plate"TP0000050.xls","TCPL-SC-Demo"
"TP0000075D08","NA","NA","NA","t","1","50","3.122335604","CLIN23 plate"TP0000050.xls","TCPL-SC-Demo"
"TP0000075D07","NA","NA","NA","t","1","1.27","1.812851015","CLIN23 plate"TP0000050.xls","TCPL-SC-Demo"
"TP0000075D06","NA","NA","NA","t","1","50","1.168421472","CLIN23 plate"TP0000050.xls","TCPL-SC-Demo"
"TP0000075D05","NA","NA","NA","t","1","50","1.801023662","CLIN23 plate"TP0000050.xls","TCPL-SC-Demo"
"TP0000075D04","NA","NA","NA","t","1","50","6.585671103","CLIN23 plate"TP0000050.xls","TCPL-SC-Demo"
"TP0000075D03","NA","NA","NA","t","1","2.08","1.589112514","CLIN23 plate"TP0000050.xls","TCPL-SC-Demo"
"TP0000075D02","NA","NA","NA","t","1","16.1","1.144881995","CLIN23 plate"TP0000050.xls","TCPL-SC-Demo"
"TP0000075D01","NA","NA","NA","t","1","50","1.703593366","CLIN23 plate"TP0000050.xls","TCPL-SC-Demo"
"TP0000075C12","NA","NA","NA","t","1","50","2.54430285","CLIN23 plate"TP0000050.xls","TCPL-SC-Demo"
"TP0000075C11","NA","NA","NA","t","1","50","2.523739052","CLIN23 plate"TP0000050.xls","TCPL-SC-Demo"
"TP0000075C10","NA","NA","NA","t","1","50","1.614811455","CLIN23 plate"TP0000050.xls","TCPL-SC-Demo"
"TP0000075C09","NA","NA","NA","t","1","1.51","1.215727353","CLIN23 plate"TP0000050.xls","TCPL-SC-Demo"
"TP0000075C08","NA","NA","NA","t","1","50","1.327095171","CLIN23 plate"TP0000050.xls","TCPL-SC-Demo"
"TP0000075C07","NA","NA","NA","t","1","50","1.630783544","CLIN23 plate"TP0000050.xls","TCPL-SC-Demo"
"TP0000075C06","NA","NA","NA","t","1","1.36","1.147434109","CLIN23 plate"TP0000050.xls","TCPL-SC-Demo"
"TP0000075C05","NA","NA","NA","t","1","50","2.48982681","CLIN23 plate"TP0000050.xls","TCPL-SC-Demo"
"TP0000075C04","NA","NA","NA","t","1","50","1.109520282","CLIN23 plate"TP0000050.xls","TCPL-SC-Demo"
"TP0000075C03","NA","NA","NA","t","1","1.88","1.344343674","CLIN23 plate"TP0000050.xls","TCPL-SC-Demo"
"TP0000075C02","NA","NA","NA","t","1","7.95","1.404820767","CLIN23 plate"TP0000050.xls","TCPL-SC-Demo"
"TP0000075C01","NA","NA","NA","t","1","50","2.072293244","CLIN23 plate"TP0000050.xls","TCPL-SC-Demo"
"TP0000075B12","NA","NA","NA","t","1","50","2.690922304","CLIN23 plate"TP0000050.xls","TCPL-SC-Demo"
"TP0000075B11","NA","NA","NA","t","1","50","2.29570481","CLIN23 plate"TP0000050.xls","TCPL-SC-Demo"
"TP0000075B10","NA","NA","NA","t","1","7.93","2.22724583","CLIN23 plate"TP0000050.xls","TCPL-SC-Demo"
"TP0000075B09","NA","NA","NA","t","1","50","1.668817101","CLIN23 plate"TP0000050.xls","TCPL-SC-Demo"
"TP0000075B08","NA","NA","NA","t","1","50","1.289607567","CLIN23 plate"TP0000050.xls","TCPL-SC-Demo"
"TP0000075B07","NA","NA","NA","t","1","5.17","5.179540856","CLIN23 plate"TP0000050.xls","TCPL-SC-Demo"
"TP0000075B06","NA","NA","NA","t","1","50","1.712837479","CLIN23 plate"TP0000050.xls","TCPL-SC-Demo"
"TP0000075B05","NA","NA","NA","t","1","50","1.317008395","CLIN23 plate"TP0000050.xls","TCPL-SC-Demo"
"TP0000075B04","NA","NA","NA","t","1","26.2","1.612725976","CLIN23 plate"TP0000050.xls","TCPL-SC-Demo"
"TP0000075B03","NA","NA","NA","t","1","28","1.369703484","CLIN23 plate"TP0000050.xls","TCPL-SC-Demo"
"TP0000075B02","NA","NA","NA","t","1","1.49","1.254531499","CLIN23 plate"TP0000050.xls","TCPL-SC-Demo"
"TP0000075B01","NA","NA","NA","t","1","50","1.441296854","CLIN23 plate"TP0000050.xls","TCPL-SC-Demo"
"TP0000075A12","NA","NA","NA","t","1","50","1.298684002","CLIN23 plate"TP0000050.xls","TCPL-SC-Demo"
"TP0000075A11","NA","NA","NA","t","1","50","1.27727601","CLIN23 plate"TP0000050.xls","TCPL-SC-Demo"
"TP0000075A10","NA","NA","NA","t","1","0.374","1.989604717","CLIN23 plate"TP0000050.xls","TCPL-SC-Demo"
"TP0000075A09","NA","NA","NA","t","1","2.4","1.931486382","CLIN23 plate"TP0000050.xls","TCPL-SC-Demo"
"TP0000075A08","NA","NA","NA","t","1","1.2","1.237779367","CLIN23 plate"TP0000050.xls","TCPL-SC-Demo"
"TP0000075A07","NA","NA","NA","t","1","50","1.525017754","CLIN23 plate"TP0000050.xls","TCPL-SC-Demo"
"TP0000075A06","NA","NA","NA","t","1","50","1.70908858","CLIN23 plate"TP0000050.xls","TCPL-SC-Demo"
"TP0000075A05","NA","NA","NA","t","1","1.94","1.992806193","CLIN23 plate"TP0000050.xls","TCPL-SC-Demo"
"TP0000075A04","NA","NA","NA","t","1","6.31","1.647401628","CLIN23 plate"TP0000050.xls","TCPL-SC-Demo"
"TP0000075A03","NA","NA","NA","t","1","16","1.953044706","CLIN23 plate"TP0000050.xls","TCPL-SC-Demo"
"TP0000075A02","NA","NA","NA","t","1","50","1.306834316","CLIN23 plate"TP0000050.xls","TCPL-SC-Demo"
"TP0000075A01","NA","NA","NA","t","1","50","7.920395183","CLIN23 plate"TP0000050.xls","TCPL-SC-Demo"
"TP0000073H12","NA","NA","NA","t","1","50","1.35237586","CLIN23 plate"TP0000049.xls","TCPL-SC-Demo"
"TP0000073H11","NA","NA","NA","t","1","50","2.553339374","CLIN23 plate"TP0000049.xls","TCPL-SC-Demo"
"TP0000073H10","NA","NA","NA","t","1","50","1.002347085","CLIN23 plate"TP0000049.xls","TCPL-SC-Demo"
"TP0000073H09","NA","NA","NA","t","1","50","1.056188282","CLIN23 plate"TP0000049.xls","TCPL-SC-Demo"
"TP0000073H08","NA","NA","NA","t","1","1.65","1.170697735","CLIN23 plate"TP0000049.xls","TCPL-SC-Demo"
"TP0000073H07","NA","NA","NA","t","1","5","1.351970349","CLIN23 plate"TP0000049.xls","TCPL-SC-Demo"
"TP0000073H06","NA","NA","NA","t","1","46.3","1.497299604","CLIN23 plate"TP0000049.xls","TCPL-SC-Demo"
"TP0000073H05","NA","NA","NA","t","1","1.17","0.820289946","CLIN23 plate"TP0000049.xls","TCPL-SC-Demo"
"TP0000073H04","NA","NA","NA","t","1","0.806","1.456935531","CLIN23 plate"TP0000049.xls","TCPL-SC-Demo"
"TP0000073H03","NA","NA","NA","t","1","50","1.190693236","CLIN23 plate"TP0000049.xls","TCPL-SC-Demo"
"TP0000073H02","NA","NA","NA","t","1","2.73","0.960425271","CLIN23 plate"TP0000049.xls","TCPL-SC-Demo"
"TP0000073H01","NA","NA","NA","t","1","50","1.632765893","CLIN23 plate"TP0000049.xls","TCPL-SC-Demo"
"TP0000073G12","NA","NA","NA","t","1","50","1.633014979","CLIN23 plate"TP0000049.xls","TCPL-SC-Demo"
"TP0000073G11","NA","NA","NA","t","1","16.3","1.227350407","CLIN23 plate"TP0000049.xls","TCPL-SC-Demo"
"TP0000073G10","NA","NA","NA","t","1","1.2","1.278696301","CLIN23 plate"TP0000049.xls","TCPL-SC-Demo"
"TP0000073G09","NA","NA","NA","t","1","50","2.497759878","CLIN23 plate"TP0000049.xls","TCPL-SC-Demo"
"TP0000073G08","NA","NA","NA","t","1","50","5.170845622","CLIN23 plate"TP0000049.xls","TCPL-SC-Demo"
"TP0000073G07","NA","NA","NA","t","1","50","1.257692019","CLIN23 plate"TP0000049.xls","TCPL-SC-Demo"
"TP0000073G06","NA","NA","NA","t","1","50","1.280993009","CLIN23 plate"TP0000049.xls","TCPL-SC-Demo"
"TP0000073G05","NA","NA","NA","t","1","50","1.19223792","CLIN23 plate"TP0000049.xls","TCPL-SC-Demo"
"TP0000073G04","NA","NA","NA","t","1","50","2.096058192","CLIN23 plate"TP0000049.xls","TCPL-SC-Demo"
"TP0000073G03","NA","NA","NA","t","1","50","2.15597254","CLIN23 plate"TP0000049.xls","TCPL-SC-Demo"
"TP0000073G02","NA","NA","NA","t","1","4.67","2.367146428","CLIN23 plate"TP0000049.xls","TCPL-SC-Demo"
"TP0000073G01","NA","NA","NA","t","1","1.8","2.712003229","CLIN23 plate"TP0000049.xls","TCPL-SC-Demo"
"TP0000073F12","NA","NA","NA","t","1","50","0.91483434","CLIN23 plate"TP0000049.xls","TCPL-SC-Demo"
"TP0000073F11","NA","NA","NA","t","1","50","1.372179726","CLIN23 plate"TP0000049.xls","TCPL-SC-Demo"
"TP0000073F10","NA","NA","NA","t","1","30","1.096850974","CLIN23 plate"TP0000049.xls","TCPL-SC-Demo"
"TP0000073F09","NA","NA","NA","t","1","50","0.962128306","CLIN23 plate"TP0000049.xls","TCPL-SC-Demo"
"TP0000073F08","NA","NA","NA","t","1","50","1.008736321","CLIN23 plate"TP0000049.xls","TCPL-SC-Demo"
"TP0000073F07","NA","NA","NA","t","1","50","0.98924401","CLIN23 plate"TP0000049.xls","TCPL-SC-Demo"
"TP0000073F06","NA","NA","NA","t","1","19.7","0.883751887","CLIN23 plate"TP0000049.xls","TCPL-SC-Demo"
"TP0000073F05","NA","NA","NA","t","1","50","0.89685896","CLIN23 plate"TP0000049.xls","TCPL-SC-Demo"
"TP0000073F04","NA","NA","NA","t","1","19.6","0.920258135","CLIN23 plate"TP0000049.xls","TCPL-SC-Demo"
"TP0000073F03","NA","NA","NA","t","1","50","1.807754591","CLIN23 plate"TP0000049.xls","TCPL-SC-Demo"
"TP0000073F02","NA","NA","NA","t","1","50","1.084201705","CLIN23 plate"TP0000049.xls","TCPL-SC-Demo"
"TP0000073F01","NA","NA","NA","t","1","2.03","1.026135093","CLIN23 plate"TP0000049.xls","TCPL-SC-Demo"
"TP0000073E12","NA","NA","NA","t","1","50","1.375350859","CLIN23 plate"TP0000049.xls","TCPL-SC-Demo"
"TP0000073E11","NA","NA","NA","t","1","11.9","1.635424839","CLIN23 plate"TP0000049.xls","TCPL-SC-Demo"
"TP0000073E10","NA","NA","NA","t","1","50","0.893058771","CLIN23 plate"TP0000049.xls","TCPL-SC-Demo"
"TP0000073E09","NA","NA","NA","t","1","10.7","1.97515744","CLIN23 plate"TP0000049.xls","TCPL-SC-Demo"
"TP0000073E08","NA","NA","NA","t","1","50","1.245565136","CLIN23 plate"TP0000049.xls","TCPL-SC-Demo"
"TP0000073E07","NA","NA","NA","t","1","19.6","0.907858624","CLIN23 plate"TP0000049.xls","TCPL-SC-Demo"
"TP0000073E06","NA","NA","NA","t","1","1.6","2.348165452","CLIN23 plate"TP0000049.xls","TCPL-SC-Demo"
"TP0000073E05","NA","NA","NA","t","1","47.8","1.10309825","CLIN23 plate"TP0000049.xls","TCPL-SC-Demo"
"TP0000073E04","NA","NA","NA","t","1","47.7","1.0624352","CLIN23 plate"TP0000049.xls","TCPL-SC-Demo"
"TP0000073E03","NA","NA","NA","t","1","17.4","1.983694115","CLIN23 plate"TP0000049.xls","TCPL-SC-Demo"
"TP0000073E02","NA","NA","NA","t","1","1.15","0.811428708","CLIN23 plate"TP0000049.xls","TCPL-SC-Demo"
"TP0000073E01","NA","NA","NA","t","1","50","0.989949197","CLIN23 plate"TP0000049.xls","TCPL-SC-Demo"
"TP0000073D12","NA","NA","NA","t","1","50","0.967369771","CLIN23 plate"TP0000049.xls","TCPL-SC-Demo"
"TP0000073D11","NA","NA","NA","t","1","29.1","0.950679306","CLIN23 plate"TP0000049.xls","TCPL-SC-Demo"
"TP0000073D10","NA","NA","NA","t","1","17","1.271096708","CLIN23 plate"TP0000049.xls","TCPL-SC-Demo"
"TP0000073D09","NA","NA","NA","t","1","50","1.669806333","CLIN23 plate"TP0000049.xls","TCPL-SC-Demo"
"TP0000073D08","NA","NA","NA","t","1","50","1.160807701","CLIN23 plate"TP0000049.xls","TCPL-SC-Demo"
"TP0000073D07","NA","NA","NA","t","1","50","1.048808109","CLIN23 plate"TP0000049.xls","TCPL-SC-Demo"
"TP0000073D06","NA","NA","NA","t","1","14","1.116660623","CLIN23 plate"TP0000049.xls","TCPL-SC-Demo"
"TP0000073D05","NA","NA","NA","t","1","50","1.514314044","CLIN23 plate"TP0000049.xls","TCPL-SC-Demo"
"TP0000073D04","NA","NA","NA","t","1","19.3","1.460467869","CLIN23 plate"TP0000049.xls","TCPL-SC-Demo"
"TP0000073D03","NA","NA","NA","t","1","45.8","1.53809744","CLIN23 plate"TP0000049.xls","TCPL-SC-Demo"
"TP0000073D02","NA","NA","NA","t","1","50","7.676668479","CLIN23 plate"TP0000049.xls","TCPL-SC-Demo"
"TP0000073D01","NA","NA","NA","t","1","50","0.978121403","CLIN23 plate"TP0000049.xls","TCPL-SC-Demo"
"TP0000073C12","NA","NA","NA","t","1","25.6","0.973870772","CLIN23 plate"TP0000049.xls","TCPL-SC-Demo"
"TP0000073C11","NA","NA","NA","t","1","4.73","1.026040157","CLIN23 plate"TP0000049.xls","TCPL-SC-Demo"
"TP0000073C10","NA","NA","NA","t","1","8.95","1.205769747","CLIN23 plate"TP0000049.xls","TCPL-SC-Demo"
"TP0000073C09","NA","NA","NA","t","1","50","0.942129742","CLIN23 plate"TP0000049.xls","TCPL-SC-Demo"
"TP0000073C08","NA","NA","NA","t","1","18.6","1.082189974","CLIN23 plate"TP0000049.xls","TCPL-SC-Demo"
"TP0000073C07","NA","NA","NA","t","1","3.05","1.07048989","CLIN23 plate"TP0000049.xls","TCPL-SC-Demo"
"TP0000073C06","NA","NA","NA","t","1","1.64","0.905181413","CLIN23 plate"TP0000049.xls","TCPL-SC-Demo"
"TP0000073C05","NA","NA","NA","t","1","50","0.969662228","CLIN23 plate"TP0000049.xls","TCPL-SC-Demo"
"TP0000073C04","NA","NA","NA","t","1","28.8","1.060804703","CLIN23 plate"TP0000049.xls","TCPL-SC-Demo"
"TP0000073C03","NA","NA","NA","t","1","10.8","1.149910427","CLIN23 plate"TP0000049.xls","TCPL-SC-Demo"
"TP0000073C02","NA","NA","NA","t","1","50","2.039683087","CLIN23 plate"TP0000049.xls","TCPL-SC-Demo"
"TP0000073C01","NA","NA","NA","t","1","50","2.309458804","CLIN23 plate"TP0000049.xls","TCPL-SC-Demo"
"TP0000073B12","NA","NA","NA","t","1","50","1.008228848","CLIN23 plate"TP0000049.xls","TCPL-SC-Demo"
"TP0000073B11","NA","NA","NA","t","1","50","1.038622833","CLIN23 plate"TP0000049.xls","TCPL-SC-Demo"
"TP0000073B10","NA","NA","NA","t","1","50","1.541757827","CLIN23 plate"TP0000049.xls","TCPL-SC-Demo"
"TP0000073B09","NA","NA","NA","t","1","50","1.163673018","CLIN23 plate"TP0000049.xls","TCPL-SC-Demo"
"TP0000073B08","NA","NA","NA","t","1","50","1.564839481","CLIN23 plate"TP0000049.xls","TCPL-SC-Demo"
"TP0000073B07","NA","NA","NA","t","1","4.6","0.898572206","CLIN23 plate"TP0000049.xls","TCPL-SC-Demo"
"TP0000073B06","NA","NA","NA","t","1","4.66","2.033463404","CLIN23 plate"TP0000049.xls","TCPL-SC-Demo"
"TP0000073B05","NA","NA","NA","t","1","0.868","1.224564441","CLIN23 plate"TP0000049.xls","TCPL-SC-Demo"
"TP0000073B04","NA","NA","NA","t","1","50","0.910092026","CLIN23 plate"TP0000049.xls","TCPL-SC-Demo"
"TP0000073B03","NA","NA","NA","t","1","50","2.495808439","CLIN23 plate"TP0000049.xls","TCPL-SC-Demo"
"TP0000073B02","NA","NA","NA","t","1","50","1.512090987","CLIN23 plate"TP0000049.xls","TCPL-SC-Demo"
"TP0000073B01","NA","NA","NA","t","1","50","1.294903303","CLIN23 plate"TP0000049.xls","TCPL-SC-Demo"
"TP0000073A12","NA","NA","NA","t","1","50","0.986462887","CLIN23 plate"TP0000049.xls","TCPL-SC-Demo"
"TP0000073A11","NA","NA","NA","t","1","50","1.033925424","CLIN23 plate"TP0000049.xls","TCPL-SC-Demo"
"TP0000073A10","NA","NA","NA","t","1","50","0.934127998","CLIN23 plate"TP0000049.xls","TCPL-SC-Demo"
"TP0000073A09","NA","NA","NA","t","1","50","1.513586761","CLIN23 plate"TP0000049.xls","TCPL-SC-Demo"
"TP0000073A08","NA","NA","NA","t","1","50","1.208044418","CLIN23 plate"TP0000049.xls","TCPL-SC-Demo"
"TP0000073A07","NA","NA","NA","t","1","50","0.897100303","CLIN23 plate"TP0000049.xls","TCPL-SC-Demo"
"TP0000073A06","NA","NA","NA","t","1","50","2.878005257","CLIN23 plate"TP0000049.xls","TCPL-SC-Demo"
"TP0000073A05","NA","NA","NA","t","1","50","1.04041844","CLIN23 plate"TP0000049.xls","TCPL-SC-Demo"
"TP0000073A04","NA","NA","NA","t","1","50","2.019429079","CLIN23 plate"TP0000049.xls","TCPL-SC-Demo"
"TP0000073A03","NA","NA","NA","t","1","50","0.912816083","CLIN23 plate"TP0000049.xls","TCPL-SC-Demo"
"TP0000073A02","NA","NA","NA","t","1","50","0.9772851","CLIN23 plate"TP0000049.xls","TCPL-SC-Demo"
"TP0000073A01","NA","NA","NA","t","1","50","1.549020601","CLIN23 plate"TP0000049.xls","TCPL-SC-Demo"